{
    "model_type": "FourFactors",
    "algorithm": "KNN",
    "baseline": {
        "accuracy": 0.5378230465186987,
        "f1": 0.6105327806117101,
        "recall": 0.6291446673706441,
        "precision": 0.5930519473419471,
        "auroc": 0.5285320082660581
    },
    "enhanced": {
        "accuracy": 0.7679537853450897,
        "f1": 0.8003289710814215,
        "recall": 0.8076293558606125,
        "precision": 0.7932332228178419,
        "auroc": 0.8222960357741671
    }
}