{
    "model_type": "FourFactors",
    "algorithm": "NaiveBayes",
    "baseline": {
        "accuracy": 0.45410459106111273,
        "f1": 0.15187185720594396,
        "recall": 0.08500527983104542,
        "precision": 0.7189555700978791,
        "auroc": 0.5624355538902325
    },
    "enhanced": {
        "accuracy": 0.5130738826391001,
        "f1": 0.28284466056593505,
        "recall": 0.16805702217529037,
        "precision": 0.9187378033190099,
        "auroc": 0.8691324518475623
    }
}