{
    "model_type": "FourFactors",
    "algorithm": "LogisticRegression",
    "baseline": {
        "accuracy": 0.5468227424749164,
        "f1": 0.5088774688098687,
        "recall": 0.40784054910242873,
        "precision": 0.6767828306784371,
        "auroc": 0.6032994686105528
    },
    "enhanced": {
        "accuracy": 0.8044998479781089,
        "f1": 0.8261698561304733,
        "recall": 0.8067845828933475,
        "precision": 0.8465687657626054,
        "auroc": 0.8877243549711784
    }
}