{
    "model_type": "FourFactors",
    "algorithm": "XGBoost",
    "baseline": {
        "accuracy": 0.5866524779568258,
        "f1": 0.6873440255940706,
        "recall": 0.7890443505807815,
        "precision": 0.6089011279177167,
        "auroc": 0.5898452290386923
    },
    "enhanced": {
        "accuracy": 0.8076771055031925,
        "f1": 0.8352502399531747,
        "recall": 0.8466209081309397,
        "precision": 0.8242657938824806,
        "auroc": 0.8917617793219865
    }
}