{
    "model_type": "FourFactors",
    "algorithm": "SVM",
    "baseline": {
        "accuracy": 0.5901033748859834,
        "f1": 0.7165569780664243,
        "recall": 0.8998152059134107,
        "precision": 0.5953504609641307,
        "auroc": 0.5982594062366349
    },
    "enhanced": {
        "accuracy": 0.8026451809060504,
        "f1": 0.8316356735828734,
        "recall": 0.8464889123548047,
        "precision": 0.8173664505865688,
        "auroc": 0.8851994981321889
    }
}