{
    "model_type": "DefenseOfense",
    "algorithm": "NaiveBayes",
    "baseline": {
        "accuracy": 0.6072362420188508,
        "f1": 0.7035918817157675,
        "recall": 0.8096356916578669,
        "precision": 0.6221811035390994,
        "auroc": 0.6215952091683603
    },
    "enhanced": {
        "accuracy": 0.5749923989054424,
        "f1": 0.43142114448894475,
        "recall": 0.2810454065469905,
        "precision": 0.9357779316014918,
        "auroc": 0.8650962859511078
    }
}