{
    "model_type": "DefenseOfense",
    "algorithm": "KNN",
    "baseline": {
        "accuracy": 0.5429461842505321,
        "f1": 0.6138407914417406,
        "recall": 0.6308606124604011,
        "precision": 0.5977654899249596,
        "auroc": 0.5370175010313648
    },
    "enhanced": {
        "accuracy": 0.7643508665247796,
        "f1": 0.7972659237005068,
        "recall": 0.8046726504751849,
        "precision": 0.7900638409183597,
        "auroc": 0.81775700854992
    }
}