{
    "model_type": "DefenseOfense",
    "algorithm": "XGBoost",
    "baseline": {
        "accuracy": 0.5975220431742171,
        "f1": 0.6868464001565477,
        "recall": 0.7666050686378036,
        "precision": 0.6222161062125002,
        "auroc": 0.6062212211359774
    },
    "enhanced": {
        "accuracy": 0.8046670720583764,
        "f1": 0.8328272517570907,
        "recall": 0.8449577613516368,
        "precision": 0.8210870952384836,
        "auroc": 0.8894864181550493
    }
}