{
    "model_type": "DefenseOfense",
    "algorithm": "SVM",
    "baseline": {
        "accuracy": 0.6068561872909699,
        "f1": 0.7174923451602868,
        "recall": 0.867001055966209,
        "precision": 0.6119904968234116,
        "auroc": 0.6156803507018958
    },
    "enhanced": {
        "accuracy": 0.8050015202189116,
        "f1": 0.8339253501274937,
        "recall": 0.8502111932418162,
        "precision": 0.8182813481465852,
        "auroc": 0.8864904546710418
    }
}