{
    "model_type": "DefenseOfense_detailed",
    "algorithm": "KNN",
    "baseline": {
        "accuracy": 0.5811492854971115,
        "f1": 0.6443232770846987,
        "recall": 0.6588701161562829,
        "precision": 0.6304458723206494,
        "auroc": 0.5838765598210535
    },
    "enhanced": {
        "accuracy": 0.7645332927941624,
        "f1": 0.7975641931824796,
        "recall": 0.8055174234424498,
        "precision": 0.7898683664112395,
        "auroc": 0.818736757843104
    }
}