{
    "model_type": "DefenseOfense_detailed",
    "algorithm": "NaiveBayes",
    "baseline": {
        "accuracy": 0.5425661295226513,
        "f1": 0.5597273287170382,
        "recall": 0.5056230200633579,
        "precision": 0.6275282559914375,
        "auroc": 0.5730243307482977
    },
    "enhanced": {
        "accuracy": 0.5577075098814229,
        "f1": 0.395682226487717,
        "recall": 0.25261351636747625,
        "precision": 0.9236678275167707,
        "auroc": 0.8544008716452256
    }
}