{
    "model_type": "DefenseOfense_detailed",
    "algorithm": "SVM",
    "baseline": {
        "accuracy": 0.6156278504104591,
        "f1": 0.7253207067692928,
        "recall": 0.8813093980992607,
        "precision": 0.6162755881479735,
        "auroc": 0.6356066412326419
    },
    "enhanced": {
        "accuracy": 0.8062328975372454,
        "f1": 0.8346924806582205,
        "recall": 0.8495776135163675,
        "precision": 0.8204013633043505,
        "auroc": 0.888265480880956
    }
}