{
    "model_type": "FourFactors_detailed",
    "algorithm": "SVM",
    "baseline": {
        "accuracy": 0.6137123745819396,
        "f1": 0.7244293828837597,
        "recall": 0.8817317845828934,
        "precision": 0.6147705974414891,
        "auroc": 0.6439788920302938
    },
    "enhanced": {
        "accuracy": 0.8060200668896321,
        "f1": 0.8347054598468071,
        "recall": 0.8505543822597676,
        "precision": 0.8194976003156439,
        "auroc": 0.8870473538395158
    }
}