{
    "model_type": "FourFactors_detailed",
    "algorithm": "KNN",
    "baseline": {
        "accuracy": 0.5603678929765886,
        "f1": 0.6299093960266778,
        "recall": 0.6497888067581837,
        "precision": 0.6112795242792444,
        "auroc": 0.5565744304784397
    },
    "enhanced": {
        "accuracy": 0.7647309212526603,
        "f1": 0.7978147987308042,
        "recall": 0.8061510031678985,
        "precision": 0.7897059671744816,
        "auroc": 0.8177454553712344
    }
}