{
    "model_type": "FourFactors_detailed",
    "algorithm": "XGBoost",
    "baseline": {
        "accuracy": 0.6080875646093038,
        "f1": 0.6906568103384527,
        "recall": 0.7598204857444562,
        "precision": 0.6331011683363956,
        "auroc": 0.6274346266080775
    },
    "enhanced": {
        "accuracy": 0.8055183946488296,
        "f1": 0.833507792504675,
        "recall": 0.8454329461457235,
        "precision": 0.8220130234404527,
        "auroc": 0.8910752309689529
    }
}